,resi,rms
0,231.0,1.4293162822723389
1,232.0,0.2996731400489807
2,233.0,0.5120729804039001
3,234.0,0.0
4,235.0,2.359251022338867
5,236.0,0.3336328864097595
6,237.0,1.3793816566467285
7,238.0,0.399979829788208
8,239.0,1.2343361377716064
9,240.0,0.42347219586372375
10,241.0,1.011042594909668
11,242.0,0.8953835964202881
12,243.0,3.611565351486206
13,244.0,1.7108442783355713
14,245.0,1.0738862752914429
15,246.0,0.5414015054702759
16,247.0,0.9215669631958008
17,248.0,2.7287955284118652
18,249.0,2.0434494018554688
19,250.0,4.350553035736084
20,251.0,1.6816105842590332
21,252.0,1.8948010206222534
22,253.0,0.0
23,254.0,0.8506942987442017
24,255.0,0.6272956132888794
25,256.0,0.6078240871429443
26,257.0,0.9004172682762146
27,258.0,0.2679325342178345
28,259.0,0.42008185386657715
29,260.0,0.8278542160987854
30,261.0,0.7007981538772583
31,262.0,0.7781599164009094
32,263.0,3.677091121673584
33,264.0,1.9892414808273315
34,265.0,1.7154508829116821
35,266.0,1.4969435930252075
36,267.0,3.5226385593414307
37,268.0,3.4431092739105225
38,269.0,0.0
39,270.0,0.0
